Campaign,Campaign Type,Campaign Status,Budget,Budget type,Bid Strategy Type,Networks,Languages,Start Date,End Date,Location,Ad Group,Ad Group Status,Max CPC,Keyword,Criterion Type,Status,Ad type,Final URL,Path 1,Path 2,Headline 1,Headline 2,Headline 3,Headline 4,Headline 5,Headline 6,Headline 7,Headline 8,Headline 9,Headline 10,Headline 11,Headline 12,Headline 13,Headline 14,Headline 15,Description 1,Description 2,Description 3,Description 4
Bewerber | Kältetechniker Deutschland | Okt 26,Search,Paused,14.50,Daily,Maximize clicks,Google search,de,2026-10-01,2026-10-31,,,,,,,,,,,,,,,,,,,,,,,,,,,,,,
Bewerber | Kältetechniker Deutschland | Okt 26,,,,,,,,,,Germany,,,,,,,,,,,,,,,,,,,,,,,,,,,,,
Bewerber | Kältetechniker Deutschland | Okt 26,,,,,,,,,,,,,,ausbildung,Campaign Negative Phrase,,,,,,,,,,,,,,,,,,,,,,,,
Bewerber | Kältetechniker Deutschland | Okt 26,,,,,,,,,,,,,,azubi,Campaign Negative Phrase,,,,,,,,,,,,,,,,,,,,,,,,
Bewerber | Kältetechniker Deutschland | Okt 26,,,,,,,,,,,,,,lehrstelle,Campaign Negative Phrase,,,,,,,,,,,,,,,,,,,,,,,,
Bewerber | Kältetechniker Deutschland | Okt 26,,,,,,,,,,,,,,lehre,Campaign Negative Phrase,,,,,,,,,,,,,,,,,,,,,,,,
Bewerber | Kältetechniker Deutschland | Okt 26,,,,,,,,,,,,,,praktikum,Campaign Negative Phrase,,,,,,,,,,,,,,,,,,,,,,,,
Bewerber | Kältetechniker Deutschland | Okt 26,,,,,,,,,,,,,,praktikant,Campaign Negative Phrase,,,,,,,,,,,,,,,,,,,,,,,,
Bewerber | Kältetechniker Deutschland | Okt 26,,,,,,,,,,,,,,duales studium,Campaign Negative Phrase,,,,,,,,,,,,,,,,,,,,,,,,
Bewerber | Kältetechniker Deutschland | Okt 26,,,,,,,,,,,,,,studium,Campaign Negative Phrase,,,,,,,,,,,,,,,,,,,,,,,,
Bewerber | Kältetechniker Deutschland | Okt 26,,,,,,,,,,,,,,umschulung,Campaign Negative Phrase,,,,,,,,,,,,,,,,,,,,,,,,
Bewerber | Kältetechniker Deutschland | Okt 26,,,,,,,,,,,,,,weiterbildung,Campaign Negative Phrase,,,,,,,,,,,,,,,,,,,,,,,,
Bewerber | Kältetechniker Deutschland | Okt 26,,,,,,,,,,,,,,meisterschule,Campaign Negative Phrase,,,,,,,,,,,,,,,,,,,,,,,,
Bewerber | Kältetechniker Deutschland | Okt 26,,,,,,,,,,,,,,meister kurs,Campaign Negative Phrase,,,,,,,,,,,,,,,,,,,,,,,,
Bewerber | Kältetechniker Deutschland | Okt 26,,,,,,,,,,,,,,kurs,Campaign Negative Phrase,,,,,,,,,,,,,,,,,,,,,,,,
Bewerber | Kältetechniker Deutschland | Okt 26,,,,,,,,,,,,,,prüfung,Campaign Negative Phrase,,,,,,,,,,,,,,,,,,,,,,,,
Bewerber | Kältetechniker Deutschland | Okt 26,,,,,,,,,,,,,,berichtsheft,Campaign Negative Phrase,,,,,,,,,,,,,,,,,,,,,,,,
Bewerber | Kältetechniker Deutschland | Okt 26,,,,,,,,,,,,,,minijob,Campaign Negative Phrase,,,,,,,,,,,,,,,,,,,,,,,,
Bewerber | Kältetechniker Deutschland | Okt 26,,,,,,,,,,,,,,nebenjob,Campaign Negative Phrase,,,,,,,,,,,,,,,,,,,,,,,,
Bewerber | Kältetechniker Deutschland | Okt 26,,,,,,,,,,,,,,schülerjob,Campaign Negative Phrase,,,,,,,,,,,,,,,,,,,,,,,,
Bewerber | Kältetechniker Deutschland | Okt 26,,,,,,,,,,,,,,werkstudent,Campaign Negative Phrase,,,,,,,,,,,,,,,,,,,,,,,,
Bewerber | Kältetechniker Deutschland | Okt 26,,,,,,,,,,,,,,teilzeit,Campaign Negative Phrase,,,,,,,,,,,,,,,,,,,,,,,,
Bewerber | Kältetechniker Deutschland | Okt 26,,,,,,,,,,,,,,gehaltstabelle,Campaign Negative Phrase,,,,,,,,,,,,,,,,,,,,,,,,
Bewerber | Kältetechniker Deutschland | Okt 26,,,,,,,,,,,,,,was macht,Campaign Negative Phrase,,,,,,,,,,,,,,,,,,,,,,,,
Bewerber | Kältetechniker Deutschland | Okt 26,,,,,,,,,,,,,,definition,Campaign Negative Phrase,,,,,,,,,,,,,,,,,,,,,,,,
Bewerber | Kältetechniker Deutschland | Okt 26,,,,,,,,,,,,,,voraussetzungen,Campaign Negative Phrase,,,,,,,,,,,,,,,,,,,,,,,,
Bewerber | Kältetechniker Deutschland | Okt 26,,,,,,,,,,,,,,reparatur,Campaign Negative Phrase,,,,,,,,,,,,,,,,,,,,,,,,
Bewerber | Kältetechniker Deutschland | Okt 26,,,,,,,,,,,,,,notdienst,Campaign Negative Phrase,,,,,,,,,,,,,,,,,,,,,,,,
Bewerber | Kältetechniker Deutschland | Okt 26,,,,,,,,,,,,,,kosten,Campaign Negative Phrase,,,,,,,,,,,,,,,,,,,,,,,,
Bewerber | Kältetechniker Deutschland | Okt 26,,,,,,,,,,,,,,preis,Campaign Negative Phrase,,,,,,,,,,,,,,,,,,,,,,,,
Bewerber | Kältetechniker Deutschland | Okt 26,,,,,,,,,,,,,,kaufen,Campaign Negative Phrase,,,,,,,,,,,,,,,,,,,,,,,,
Bewerber | Kältetechniker Deutschland | Okt 26,,,,,,,,,,,,,,angebot anfordern,Campaign Negative Phrase,,,,,,,,,,,,,,,,,,,,,,,,
Bewerber | Kältetechniker Deutschland | Okt 26,,,,,,,,,,,,,,wartung vertrag,Campaign Negative Phrase,,,,,,,,,,,,,,,,,,,,,,,,
Bewerber | Kältetechniker Deutschland | Okt 26,,,,,,,,,,,,,,klimaanlage einbauen,Campaign Negative Phrase,,,,,,,,,,,,,,,,,,,,,,,,
Bewerber | Kältetechniker Deutschland | Okt 26,,,,,,,,,,,,,,schweiz,Campaign Negative Phrase,,,,,,,,,,,,,,,,,,,,,,,,
Bewerber | Kältetechniker Deutschland | Okt 26,,,,,,,,,,,,,,österreich,Campaign Negative Phrase,,,,,,,,,,,,,,,,,,,,,,,,
Bewerber | Kältetechniker Deutschland | Okt 26,,,,,,,,,,,,,,kühlschrank,Campaign Negative Phrase,,,,,,,,,,,,,,,,,,,,,,,,
Bewerber | Kältetechniker Deutschland | Okt 26,,,,,,,,,,,,,,kältemittel kaufen,Campaign Negative Phrase,,,,,,,,,,,,,,,,,,,,,,,,
Bewerber | Kältetechniker Deutschland | Okt 26,,,,,,,,,,,,,,kühlzelle kaufen,Campaign Negative Phrase,,,,,,,,,,,,,,,,,,,,,,,,
Bewerber | Kältetechniker Deutschland | Okt 26,,,,,,,,,,,Kälte – München,Enabled,2.50,,,,,,,,,,,,,,,,,,,,,,,,,,
Bewerber | Kältetechniker Deutschland | Okt 26,,,,,,,,,,,Kälte – München,,,kältetechniker job münchen,Phrase,Enabled,,,,,,,,,,,,,,,,,,,,,,,
Bewerber | Kältetechniker Deutschland | Okt 26,,,,,,,,,,,Kälte – München,,,kältetechniker stellenangebote münchen,Phrase,Enabled,,,,,,,,,,,,,,,,,,,,,,,
Bewerber | Kältetechniker Deutschland | Okt 26,,,,,,,,,,,Kälte – München,,,kältetechniker stelle münchen,Phrase,Enabled,,,,,,,,,,,,,,,,,,,,,,,
Bewerber | Kältetechniker Deutschland | Okt 26,,,,,,,,,,,Kälte – München,,,servicetechniker kältetechnik münchen,Phrase,Enabled,,,,,,,,,,,,,,,,,,,,,,,
Bewerber | Kältetechniker Deutschland | Okt 26,,,,,,,,,,,Kälte – München,,,kälteanlagenbauer job münchen,Phrase,Enabled,,,,,,,,,,,,,,,,,,,,,,,
Bewerber | Kältetechniker Deutschland | Okt 26,,,,,,,,,,,Kälte – München,,,mechatroniker kältetechnik münchen job,Phrase,Enabled,,,,,,,,,,,,,,,,,,,,,,,
Bewerber | Kältetechniker Deutschland | Okt 26,,,,,,,,,,,Kälte – München,,,kältetechniker jobs münchen,Exact,Enabled,,,,,,,,,,,,,,,,,,,,,,,
Bewerber | Kältetechniker Deutschland | Okt 26,,,,,,,,,,,Kälte – München,,,,,Enabled,Responsive search ad,https://www.phe-perm.de/jobs/kaeltetechniker-muenchen-26,kaeltetechnik,muenchen,Kältetechniker Job München,Kältetechniker (m/w/d) München,Bis 65.000 € Jahresgehalt,55.000–65.000 € pro Jahr,Firmenwagen inklusive,Einsätze im Raum München,Etablierter Anlagenbauer,Betriebliche Altersvorsorge,Weiterbildungsbudget,Kälte- & Klimatechnik München,"Feste Stelle, keine Zeitarbeit",Kostenlos für Bewerber,Antwort in 24 Stunden,Bewerbung ohne Anschreiben,30 Tage Urlaub,"Kältetechniker (m/w/d) im Großraum München: 55–65 T€, Firmenwagen, 30 Tage Urlaub.",Festanstellung bei einem etablierten Kälte- und Klimaanlagenbauer – keine Zeitarbeit.,"Kurz bewerben, ohne Anschreiben. Wir melden uns innerhalb von 24 Stunden bei Ihnen.",Die Vermittlung ist für Sie kostenlos. Persönliche Begleitung bis zum Vertrag.
Bewerber | Kältetechniker Deutschland | Okt 26,,,,,,,,,,,Kälte – Hamburg,Enabled,2.50,,,,,,,,,,,,,,,,,,,,,,,,,,
Bewerber | Kältetechniker Deutschland | Okt 26,,,,,,,,,,,Kälte – Hamburg,,,kältetechniker job hamburg,Phrase,Enabled,,,,,,,,,,,,,,,,,,,,,,,
Bewerber | Kältetechniker Deutschland | Okt 26,,,,,,,,,,,Kälte – Hamburg,,,kältetechniker stellenangebote hamburg,Phrase,Enabled,,,,,,,,,,,,,,,,,,,,,,,
Bewerber | Kältetechniker Deutschland | Okt 26,,,,,,,,,,,Kälte – Hamburg,,,kältetechniker stelle hamburg,Phrase,Enabled,,,,,,,,,,,,,,,,,,,,,,,
Bewerber | Kältetechniker Deutschland | Okt 26,,,,,,,,,,,Kälte – Hamburg,,,servicetechniker kältetechnik hamburg,Phrase,Enabled,,,,,,,,,,,,,,,,,,,,,,,
Bewerber | Kältetechniker Deutschland | Okt 26,,,,,,,,,,,Kälte – Hamburg,,,kälteanlagenbauer job hamburg,Phrase,Enabled,,,,,,,,,,,,,,,,,,,,,,,
Bewerber | Kältetechniker Deutschland | Okt 26,,,,,,,,,,,Kälte – Hamburg,,,kältetechniker jobs hamburg,Exact,Enabled,,,,,,,,,,,,,,,,,,,,,,,
Bewerber | Kältetechniker Deutschland | Okt 26,,,,,,,,,,,Kälte – Hamburg,,,,,Enabled,Responsive search ad,https://www.phe-perm.de/jobs/kaeltetechniker-mit-regionalem-einsatz-hamburg-25,kaeltetechnik,hamburg,Kältetechniker Job Hamburg,Kältetechniker (m/w/d) Hamburg,Bis 58.000 € Jahresgehalt,48.000–58.000 € pro Jahr,Firmenwagen auch privat,Abends wieder zu Hause,Keine Übernachtungen,Einsätze im Raum Hamburg,Betriebliche Altersvorsorge,Kälte- & Klimatechnik Hamburg,"Feste Stelle, keine Zeitarbeit",Kostenlos für Bewerber,Antwort in 24 Stunden,Bewerbung ohne Anschreiben,30 Tage Urlaub,"Kältetechniker (m/w/d) rund um Hamburg: 48–58 T€, Firmenwagen privat, 30 Tage Urlaub.",Regionales Einsatzgebiet ohne Übernachtungen – abends sind Sie wieder zu Hause.,"Kurz bewerben, ohne Anschreiben. Wir melden uns innerhalb von 24 Stunden bei Ihnen.","Feste Anstellung, keine Zeitarbeit. Die Vermittlung ist für Sie komplett kostenlos."
Bewerber | Kältetechniker Deutschland | Okt 26,,,,,,,,,,,Kälte – bundesweit,Enabled,2.50,,,,,,,,,,,,,,,,,,,,,,,,,,
Bewerber | Kältetechniker Deutschland | Okt 26,,,,,,,,,,,Kälte – bundesweit,,,kältetechniker job,Phrase,Enabled,,,,,,,,,,,,,,,,,,,,,,,
Bewerber | Kältetechniker Deutschland | Okt 26,,,,,,,,,,,Kälte – bundesweit,,,kältetechniker stellenangebote,Phrase,Enabled,,,,,,,,,,,,,,,,,,,,,,,
Bewerber | Kältetechniker Deutschland | Okt 26,,,,,,,,,,,Kälte – bundesweit,,,kältetechniker gesucht,Phrase,Enabled,,,,,,,,,,,,,,,,,,,,,,,
Bewerber | Kältetechniker Deutschland | Okt 26,,,,,,,,,,,Kälte – bundesweit,,,stellenangebote kältetechnik,Phrase,Enabled,,,,,,,,,,,,,,,,,,,,,,,
Bewerber | Kältetechniker Deutschland | Okt 26,,,,,,,,,,,Kälte – bundesweit,,,servicetechniker kältetechnik job,Phrase,Enabled,,,,,,,,,,,,,,,,,,,,,,,
Bewerber | Kältetechniker Deutschland | Okt 26,,,,,,,,,,,Kälte – bundesweit,,,kälteanlagenbauer stellenangebote,Phrase,Enabled,,,,,,,,,,,,,,,,,,,,,,,
Bewerber | Kältetechniker Deutschland | Okt 26,,,,,,,,,,,Kälte – bundesweit,,,mechatroniker für kältetechnik job,Phrase,Enabled,,,,,,,,,,,,,,,,,,,,,,,
Bewerber | Kältetechniker Deutschland | Okt 26,,,,,,,,,,,Kälte – bundesweit,,,kälte klima techniker job,Phrase,Enabled,,,,,,,,,,,,,,,,,,,,,,,
Bewerber | Kältetechniker Deutschland | Okt 26,,,,,,,,,,,Kälte – bundesweit,,,münchen,Negative Phrase,,,,,,,,,,,,,,,,,,,,,,,,
Bewerber | Kältetechniker Deutschland | Okt 26,,,,,,,,,,,Kälte – bundesweit,,,hamburg,Negative Phrase,,,,,,,,,,,,,,,,,,,,,,,,
Bewerber | Kältetechniker Deutschland | Okt 26,,,,,,,,,,,Kälte – bundesweit,,,,,Enabled,Responsive search ad,https://www.phe-perm.de/stellen/kaeltetechniker-deutschland,kaeltetechnik,jobs,Kältetechniker Jobs,Kältetechniker (m/w/d) gesucht,Kälte-Jobs in ganz Deutschland,Bis 65.000 € Jahresgehalt,Firmenwagen auch privat,Stellen in Ihrer Region,Servicetechniker Kältetechnik,Mechatroniker Kältetechnik,In 2 Minuten bewerben,Kälteanlagenbauer gesucht,"Feste Stelle, keine Zeitarbeit",Kostenlos für Bewerber,Antwort in 24 Stunden,Bewerbung ohne Anschreiben,30 Tage Urlaub,Offene Stellen für Kältetechniker (m/w/d) in ganz Deutschland – bis 65.000 € im Jahr.,"Festanstellungen bei Kälte- und Klimaanlagenbauern. Firmenwagen, 30 Tage Urlaub.","Ein paar Fragen, kein Anschreiben: In 2 Minuten beworben. Antwort in 24 Stunden.",Wir vermitteln kostenlos und begleiten Sie persönlich bis zur Vertragsunterschrift.
Bewerber | Mechatroniker Köln | Okt 26,Search,Paused,4.40,Daily,Maximize clicks,Google search,de,2026-10-01,2026-10-31,,,,,,,,,,,,,,,,,,,,,,,,,,,,,,
Bewerber | Mechatroniker Köln | Okt 26,,,,,,,,,,"Cologne, North Rhine-Westphalia, Germany",,,,,,,,,,,,,,,,,,,,,,,,,,,,,
Bewerber | Mechatroniker Köln | Okt 26,,,,,,,,,,,,,,ausbildung,Campaign Negative Phrase,,,,,,,,,,,,,,,,,,,,,,,,
Bewerber | Mechatroniker Köln | Okt 26,,,,,,,,,,,,,,azubi,Campaign Negative Phrase,,,,,,,,,,,,,,,,,,,,,,,,
Bewerber | Mechatroniker Köln | Okt 26,,,,,,,,,,,,,,lehrstelle,Campaign Negative Phrase,,,,,,,,,,,,,,,,,,,,,,,,
Bewerber | Mechatroniker Köln | Okt 26,,,,,,,,,,,,,,lehre,Campaign Negative Phrase,,,,,,,,,,,,,,,,,,,,,,,,
Bewerber | Mechatroniker Köln | Okt 26,,,,,,,,,,,,,,praktikum,Campaign Negative Phrase,,,,,,,,,,,,,,,,,,,,,,,,
Bewerber | Mechatroniker Köln | Okt 26,,,,,,,,,,,,,,praktikant,Campaign Negative Phrase,,,,,,,,,,,,,,,,,,,,,,,,
Bewerber | Mechatroniker Köln | Okt 26,,,,,,,,,,,,,,duales studium,Campaign Negative Phrase,,,,,,,,,,,,,,,,,,,,,,,,
Bewerber | Mechatroniker Köln | Okt 26,,,,,,,,,,,,,,studium,Campaign Negative Phrase,,,,,,,,,,,,,,,,,,,,,,,,
Bewerber | Mechatroniker Köln | Okt 26,,,,,,,,,,,,,,umschulung,Campaign Negative Phrase,,,,,,,,,,,,,,,,,,,,,,,,
Bewerber | Mechatroniker Köln | Okt 26,,,,,,,,,,,,,,weiterbildung,Campaign Negative Phrase,,,,,,,,,,,,,,,,,,,,,,,,
Bewerber | Mechatroniker Köln | Okt 26,,,,,,,,,,,,,,meisterschule,Campaign Negative Phrase,,,,,,,,,,,,,,,,,,,,,,,,
Bewerber | Mechatroniker Köln | Okt 26,,,,,,,,,,,,,,meister kurs,Campaign Negative Phrase,,,,,,,,,,,,,,,,,,,,,,,,
Bewerber | Mechatroniker Köln | Okt 26,,,,,,,,,,,,,,kurs,Campaign Negative Phrase,,,,,,,,,,,,,,,,,,,,,,,,
Bewerber | Mechatroniker Köln | Okt 26,,,,,,,,,,,,,,prüfung,Campaign Negative Phrase,,,,,,,,,,,,,,,,,,,,,,,,
Bewerber | Mechatroniker Köln | Okt 26,,,,,,,,,,,,,,berichtsheft,Campaign Negative Phrase,,,,,,,,,,,,,,,,,,,,,,,,
Bewerber | Mechatroniker Köln | Okt 26,,,,,,,,,,,,,,minijob,Campaign Negative Phrase,,,,,,,,,,,,,,,,,,,,,,,,
Bewerber | Mechatroniker Köln | Okt 26,,,,,,,,,,,,,,nebenjob,Campaign Negative Phrase,,,,,,,,,,,,,,,,,,,,,,,,
Bewerber | Mechatroniker Köln | Okt 26,,,,,,,,,,,,,,schülerjob,Campaign Negative Phrase,,,,,,,,,,,,,,,,,,,,,,,,
Bewerber | Mechatroniker Köln | Okt 26,,,,,,,,,,,,,,werkstudent,Campaign Negative Phrase,,,,,,,,,,,,,,,,,,,,,,,,
Bewerber | Mechatroniker Köln | Okt 26,,,,,,,,,,,,,,teilzeit,Campaign Negative Phrase,,,,,,,,,,,,,,,,,,,,,,,,
Bewerber | Mechatroniker Köln | Okt 26,,,,,,,,,,,,,,gehaltstabelle,Campaign Negative Phrase,,,,,,,,,,,,,,,,,,,,,,,,
Bewerber | Mechatroniker Köln | Okt 26,,,,,,,,,,,,,,was macht,Campaign Negative Phrase,,,,,,,,,,,,,,,,,,,,,,,,
Bewerber | Mechatroniker Köln | Okt 26,,,,,,,,,,,,,,definition,Campaign Negative Phrase,,,,,,,,,,,,,,,,,,,,,,,,
Bewerber | Mechatroniker Köln | Okt 26,,,,,,,,,,,,,,voraussetzungen,Campaign Negative Phrase,,,,,,,,,,,,,,,,,,,,,,,,
Bewerber | Mechatroniker Köln | Okt 26,,,,,,,,,,,,,,reparatur,Campaign Negative Phrase,,,,,,,,,,,,,,,,,,,,,,,,
Bewerber | Mechatroniker Köln | Okt 26,,,,,,,,,,,,,,notdienst,Campaign Negative Phrase,,,,,,,,,,,,,,,,,,,,,,,,
Bewerber | Mechatroniker Köln | Okt 26,,,,,,,,,,,,,,kosten,Campaign Negative Phrase,,,,,,,,,,,,,,,,,,,,,,,,
Bewerber | Mechatroniker Köln | Okt 26,,,,,,,,,,,,,,preis,Campaign Negative Phrase,,,,,,,,,,,,,,,,,,,,,,,,
Bewerber | Mechatroniker Köln | Okt 26,,,,,,,,,,,,,,kaufen,Campaign Negative Phrase,,,,,,,,,,,,,,,,,,,,,,,,
Bewerber | Mechatroniker Köln | Okt 26,,,,,,,,,,,,,,angebot anfordern,Campaign Negative Phrase,,,,,,,,,,,,,,,,,,,,,,,,
Bewerber | Mechatroniker Köln | Okt 26,,,,,,,,,,,,,,wartung vertrag,Campaign Negative Phrase,,,,,,,,,,,,,,,,,,,,,,,,
Bewerber | Mechatroniker Köln | Okt 26,,,,,,,,,,,,,,klimaanlage einbauen,Campaign Negative Phrase,,,,,,,,,,,,,,,,,,,,,,,,
Bewerber | Mechatroniker Köln | Okt 26,,,,,,,,,,,,,,schweiz,Campaign Negative Phrase,,,,,,,,,,,,,,,,,,,,,,,,
Bewerber | Mechatroniker Köln | Okt 26,,,,,,,,,,,,,,österreich,Campaign Negative Phrase,,,,,,,,,,,,,,,,,,,,,,,,
Bewerber | Mechatroniker Köln | Okt 26,,,,,,,,,,,Mechatroniker – Köln,Enabled,2.50,,,,,,,,,,,,,,,,,,,,,,,,,,
Bewerber | Mechatroniker Köln | Okt 26,,,,,,,,,,,Mechatroniker – Köln,,,mechatroniker job,Phrase,Enabled,,,,,,,,,,,,,,,,,,,,,,,
Bewerber | Mechatroniker Köln | Okt 26,,,,,,,,,,,Mechatroniker – Köln,,,mechatroniker stellenangebote,Phrase,Enabled,,,,,,,,,,,,,,,,,,,,,,,
Bewerber | Mechatroniker Köln | Okt 26,,,,,,,,,,,Mechatroniker – Köln,,,mechatroniker gesucht,Phrase,Enabled,,,,,,,,,,,,,,,,,,,,,,,
Bewerber | Mechatroniker Köln | Okt 26,,,,,,,,,,,Mechatroniker – Köln,,,servicetechniker mechatronik job,Phrase,Enabled,,,,,,,,,,,,,,,,,,,,,,,
Bewerber | Mechatroniker Köln | Okt 26,,,,,,,,,,,Mechatroniker – Köln,,,mechatroniker service job,Phrase,Enabled,,,,,,,,,,,,,,,,,,,,,,,
Bewerber | Mechatroniker Köln | Okt 26,,,,,,,,,,,Mechatroniker – Köln,,,mechatroniker medizintechnik job,Phrase,Enabled,,,,,,,,,,,,,,,,,,,,,,,
Bewerber | Mechatroniker Köln | Okt 26,,,,,,,,,,,Mechatroniker – Köln,,,mechatroniker job köln,Phrase,Enabled,,,,,,,,,,,,,,,,,,,,,,,
Bewerber | Mechatroniker Köln | Okt 26,,,,,,,,,,,Mechatroniker – Köln,,,mechatroniker jobs köln,Exact,Enabled,,,,,,,,,,,,,,,,,,,,,,,
Bewerber | Mechatroniker Köln | Okt 26,,,,,,,,,,,Mechatroniker – Köln,,,mechatroniker stelle köln,Phrase,Enabled,,,,,,,,,,,,,,,,,,,,,,,
Bewerber | Mechatroniker Köln | Okt 26,,,,,,,,,,,Mechatroniker – Köln,,,,,Enabled,Responsive search ad,https://www.phe-perm.de/jobs/mechatroniker-als-servicetechniker-koeln-21,mechatroniker,koeln,Mechatroniker Job Köln,Mechatroniker (m/w/d) Köln,Service in der Medizintechnik,4.000 € Grundgehalt im Monat,13 Gehälter plus Bonus,Firmenwagen auch privat,50 € Cashkarte jeden Monat,Medizintechnik statt Fließband,Servicetechniker Mechatronik,Unbefristete Festanstellung,"Feste Stelle, keine Zeitarbeit",Kostenlos für Bewerber,Antwort in 24 Stunden,Bewerbung ohne Anschreiben,30 Tage Urlaub,"Mechatroniker (m/w/d) für Medizintechnik-Service: 4.000 €/Monat, 13 Gehälter + Bonus.","Mo–Fr bei Kunden unterwegs, 2–3 Übernachtungen pro Woche. Firmenwagen auch privat.","Kurz bewerben, ohne Anschreiben. Wir melden uns innerhalb von 24 Stunden bei Ihnen.","Feste Anstellung, keine Zeitarbeit. Die Vermittlung ist für Sie komplett kostenlos."
Bewerber | Mechatroniker Darmstadt | Okt 26,Search,Paused,4.40,Daily,Maximize clicks,Google search,de,2026-10-01,2026-10-31,,,,,,,,,,,,,,,,,,,,,,,,,,,,,,
Bewerber | Mechatroniker Darmstadt | Okt 26,,,,,,,,,,"Darmstadt, Hesse, Germany",,,,,,,,,,,,,,,,,,,,,,,,,,,,,
Bewerber | Mechatroniker Darmstadt | Okt 26,,,,,,,,,,,,,,ausbildung,Campaign Negative Phrase,,,,,,,,,,,,,,,,,,,,,,,,
Bewerber | Mechatroniker Darmstadt | Okt 26,,,,,,,,,,,,,,azubi,Campaign Negative Phrase,,,,,,,,,,,,,,,,,,,,,,,,
Bewerber | Mechatroniker Darmstadt | Okt 26,,,,,,,,,,,,,,lehrstelle,Campaign Negative Phrase,,,,,,,,,,,,,,,,,,,,,,,,
Bewerber | Mechatroniker Darmstadt | Okt 26,,,,,,,,,,,,,,lehre,Campaign Negative Phrase,,,,,,,,,,,,,,,,,,,,,,,,
Bewerber | Mechatroniker Darmstadt | Okt 26,,,,,,,,,,,,,,praktikum,Campaign Negative Phrase,,,,,,,,,,,,,,,,,,,,,,,,
Bewerber | Mechatroniker Darmstadt | Okt 26,,,,,,,,,,,,,,praktikant,Campaign Negative Phrase,,,,,,,,,,,,,,,,,,,,,,,,
Bewerber | Mechatroniker Darmstadt | Okt 26,,,,,,,,,,,,,,duales studium,Campaign Negative Phrase,,,,,,,,,,,,,,,,,,,,,,,,
Bewerber | Mechatroniker Darmstadt | Okt 26,,,,,,,,,,,,,,studium,Campaign Negative Phrase,,,,,,,,,,,,,,,,,,,,,,,,
Bewerber | Mechatroniker Darmstadt | Okt 26,,,,,,,,,,,,,,umschulung,Campaign Negative Phrase,,,,,,,,,,,,,,,,,,,,,,,,
Bewerber | Mechatroniker Darmstadt | Okt 26,,,,,,,,,,,,,,weiterbildung,Campaign Negative Phrase,,,,,,,,,,,,,,,,,,,,,,,,
Bewerber | Mechatroniker Darmstadt | Okt 26,,,,,,,,,,,,,,meisterschule,Campaign Negative Phrase,,,,,,,,,,,,,,,,,,,,,,,,
Bewerber | Mechatroniker Darmstadt | Okt 26,,,,,,,,,,,,,,meister kurs,Campaign Negative Phrase,,,,,,,,,,,,,,,,,,,,,,,,
Bewerber | Mechatroniker Darmstadt | Okt 26,,,,,,,,,,,,,,kurs,Campaign Negative Phrase,,,,,,,,,,,,,,,,,,,,,,,,
Bewerber | Mechatroniker Darmstadt | Okt 26,,,,,,,,,,,,,,prüfung,Campaign Negative Phrase,,,,,,,,,,,,,,,,,,,,,,,,
Bewerber | Mechatroniker Darmstadt | Okt 26,,,,,,,,,,,,,,berichtsheft,Campaign Negative Phrase,,,,,,,,,,,,,,,,,,,,,,,,
Bewerber | Mechatroniker Darmstadt | Okt 26,,,,,,,,,,,,,,minijob,Campaign Negative Phrase,,,,,,,,,,,,,,,,,,,,,,,,
Bewerber | Mechatroniker Darmstadt | Okt 26,,,,,,,,,,,,,,nebenjob,Campaign Negative Phrase,,,,,,,,,,,,,,,,,,,,,,,,
Bewerber | Mechatroniker Darmstadt | Okt 26,,,,,,,,,,,,,,schülerjob,Campaign Negative Phrase,,,,,,,,,,,,,,,,,,,,,,,,
Bewerber | Mechatroniker Darmstadt | Okt 26,,,,,,,,,,,,,,werkstudent,Campaign Negative Phrase,,,,,,,,,,,,,,,,,,,,,,,,
Bewerber | Mechatroniker Darmstadt | Okt 26,,,,,,,,,,,,,,teilzeit,Campaign Negative Phrase,,,,,,,,,,,,,,,,,,,,,,,,
Bewerber | Mechatroniker Darmstadt | Okt 26,,,,,,,,,,,,,,gehaltstabelle,Campaign Negative Phrase,,,,,,,,,,,,,,,,,,,,,,,,
Bewerber | Mechatroniker Darmstadt | Okt 26,,,,,,,,,,,,,,was macht,Campaign Negative Phrase,,,,,,,,,,,,,,,,,,,,,,,,
Bewerber | Mechatroniker Darmstadt | Okt 26,,,,,,,,,,,,,,definition,Campaign Negative Phrase,,,,,,,,,,,,,,,,,,,,,,,,
Bewerber | Mechatroniker Darmstadt | Okt 26,,,,,,,,,,,,,,voraussetzungen,Campaign Negative Phrase,,,,,,,,,,,,,,,,,,,,,,,,
Bewerber | Mechatroniker Darmstadt | Okt 26,,,,,,,,,,,,,,reparatur,Campaign Negative Phrase,,,,,,,,,,,,,,,,,,,,,,,,
Bewerber | Mechatroniker Darmstadt | Okt 26,,,,,,,,,,,,,,notdienst,Campaign Negative Phrase,,,,,,,,,,,,,,,,,,,,,,,,
Bewerber | Mechatroniker Darmstadt | Okt 26,,,,,,,,,,,,,,kosten,Campaign Negative Phrase,,,,,,,,,,,,,,,,,,,,,,,,
Bewerber | Mechatroniker Darmstadt | Okt 26,,,,,,,,,,,,,,preis,Campaign Negative Phrase,,,,,,,,,,,,,,,,,,,,,,,,
Bewerber | Mechatroniker Darmstadt | Okt 26,,,,,,,,,,,,,,kaufen,Campaign Negative Phrase,,,,,,,,,,,,,,,,,,,,,,,,
Bewerber | Mechatroniker Darmstadt | Okt 26,,,,,,,,,,,,,,angebot anfordern,Campaign Negative Phrase,,,,,,,,,,,,,,,,,,,,,,,,
Bewerber | Mechatroniker Darmstadt | Okt 26,,,,,,,,,,,,,,wartung vertrag,Campaign Negative Phrase,,,,,,,,,,,,,,,,,,,,,,,,
Bewerber | Mechatroniker Darmstadt | Okt 26,,,,,,,,,,,,,,klimaanlage einbauen,Campaign Negative Phrase,,,,,,,,,,,,,,,,,,,,,,,,
Bewerber | Mechatroniker Darmstadt | Okt 26,,,,,,,,,,,,,,schweiz,Campaign Negative Phrase,,,,,,,,,,,,,,,,,,,,,,,,
Bewerber | Mechatroniker Darmstadt | Okt 26,,,,,,,,,,,,,,österreich,Campaign Negative Phrase,,,,,,,,,,,,,,,,,,,,,,,,
Bewerber | Mechatroniker Darmstadt | Okt 26,,,,,,,,,,,Mechatroniker – Darmstadt,Enabled,2.50,,,,,,,,,,,,,,,,,,,,,,,,,,
Bewerber | Mechatroniker Darmstadt | Okt 26,,,,,,,,,,,Mechatroniker – Darmstadt,,,mechatroniker job,Phrase,Enabled,,,,,,,,,,,,,,,,,,,,,,,
Bewerber | Mechatroniker Darmstadt | Okt 26,,,,,,,,,,,Mechatroniker – Darmstadt,,,mechatroniker stellenangebote,Phrase,Enabled,,,,,,,,,,,,,,,,,,,,,,,
Bewerber | Mechatroniker Darmstadt | Okt 26,,,,,,,,,,,Mechatroniker – Darmstadt,,,mechatroniker gesucht,Phrase,Enabled,,,,,,,,,,,,,,,,,,,,,,,
Bewerber | Mechatroniker Darmstadt | Okt 26,,,,,,,,,,,Mechatroniker – Darmstadt,,,servicetechniker mechatronik job,Phrase,Enabled,,,,,,,,,,,,,,,,,,,,,,,
Bewerber | Mechatroniker Darmstadt | Okt 26,,,,,,,,,,,Mechatroniker – Darmstadt,,,mechatroniker medizintechnik job,Phrase,Enabled,,,,,,,,,,,,,,,,,,,,,,,
Bewerber | Mechatroniker Darmstadt | Okt 26,,,,,,,,,,,Mechatroniker – Darmstadt,,,mechatroniker job darmstadt,Phrase,Enabled,,,,,,,,,,,,,,,,,,,,,,,
Bewerber | Mechatroniker Darmstadt | Okt 26,,,,,,,,,,,Mechatroniker – Darmstadt,,,mechatroniker jobs darmstadt,Exact,Enabled,,,,,,,,,,,,,,,,,,,,,,,
Bewerber | Mechatroniker Darmstadt | Okt 26,,,,,,,,,,,Mechatroniker – Darmstadt,,,mechatroniker stelle darmstadt,Phrase,Enabled,,,,,,,,,,,,,,,,,,,,,,,
Bewerber | Mechatroniker Darmstadt | Okt 26,,,,,,,,,,,Mechatroniker – Darmstadt,,,,,Enabled,Responsive search ad,https://www.phe-perm.de/jobs/mechatroniker-als-servicetechniker-darmstadt-45,mechatroniker,darmstadt,Mechatroniker Job Darmstadt,Mechatroniker m/w/d Darmstadt,Service in der Medizintechnik,4.000 € Grundgehalt im Monat,13 Gehälter plus Bonus,Firmenwagen auch privat,50 € Cashkarte jeden Monat,Medizintechnik statt Fließband,Servicetechniker Mechatronik,Unbefristete Festanstellung,"Feste Stelle, keine Zeitarbeit",Kostenlos für Bewerber,Antwort in 24 Stunden,Bewerbung ohne Anschreiben,30 Tage Urlaub,"Mechatroniker (m/w/d) für Medizintechnik-Service: 4.000 €/Monat, 13 Gehälter + Bonus.","Mo–Fr bei Kunden unterwegs, 2–3 Übernachtungen pro Woche. Firmenwagen auch privat.","Kurz bewerben, ohne Anschreiben. Wir melden uns innerhalb von 24 Stunden bei Ihnen.","Feste Anstellung, keine Zeitarbeit. Die Vermittlung ist für Sie komplett kostenlos."
Bewerber | Anlagenmechaniker Augsburg | Okt 26,Search,Paused,4.35,Daily,Maximize clicks,Google search,de,2026-10-01,2026-10-31,,,,,,,,,,,,,,,,,,,,,,,,,,,,,,
Bewerber | Anlagenmechaniker Augsburg | Okt 26,,,,,,,,,,"Augsburg, Bavaria, Germany",,,,,,,,,,,,,,,,,,,,,,,,,,,,,
Bewerber | Anlagenmechaniker Augsburg | Okt 26,,,,,,,,,,,,,,ausbildung,Campaign Negative Phrase,,,,,,,,,,,,,,,,,,,,,,,,
Bewerber | Anlagenmechaniker Augsburg | Okt 26,,,,,,,,,,,,,,azubi,Campaign Negative Phrase,,,,,,,,,,,,,,,,,,,,,,,,
Bewerber | Anlagenmechaniker Augsburg | Okt 26,,,,,,,,,,,,,,lehrstelle,Campaign Negative Phrase,,,,,,,,,,,,,,,,,,,,,,,,
Bewerber | Anlagenmechaniker Augsburg | Okt 26,,,,,,,,,,,,,,lehre,Campaign Negative Phrase,,,,,,,,,,,,,,,,,,,,,,,,
Bewerber | Anlagenmechaniker Augsburg | Okt 26,,,,,,,,,,,,,,praktikum,Campaign Negative Phrase,,,,,,,,,,,,,,,,,,,,,,,,
Bewerber | Anlagenmechaniker Augsburg | Okt 26,,,,,,,,,,,,,,praktikant,Campaign Negative Phrase,,,,,,,,,,,,,,,,,,,,,,,,
Bewerber | Anlagenmechaniker Augsburg | Okt 26,,,,,,,,,,,,,,duales studium,Campaign Negative Phrase,,,,,,,,,,,,,,,,,,,,,,,,
Bewerber | Anlagenmechaniker Augsburg | Okt 26,,,,,,,,,,,,,,studium,Campaign Negative Phrase,,,,,,,,,,,,,,,,,,,,,,,,
Bewerber | Anlagenmechaniker Augsburg | Okt 26,,,,,,,,,,,,,,umschulung,Campaign Negative Phrase,,,,,,,,,,,,,,,,,,,,,,,,
Bewerber | Anlagenmechaniker Augsburg | Okt 26,,,,,,,,,,,,,,weiterbildung,Campaign Negative Phrase,,,,,,,,,,,,,,,,,,,,,,,,
Bewerber | Anlagenmechaniker Augsburg | Okt 26,,,,,,,,,,,,,,meisterschule,Campaign Negative Phrase,,,,,,,,,,,,,,,,,,,,,,,,
Bewerber | Anlagenmechaniker Augsburg | Okt 26,,,,,,,,,,,,,,meister kurs,Campaign Negative Phrase,,,,,,,,,,,,,,,,,,,,,,,,
Bewerber | Anlagenmechaniker Augsburg | Okt 26,,,,,,,,,,,,,,kurs,Campaign Negative Phrase,,,,,,,,,,,,,,,,,,,,,,,,
Bewerber | Anlagenmechaniker Augsburg | Okt 26,,,,,,,,,,,,,,prüfung,Campaign Negative Phrase,,,,,,,,,,,,,,,,,,,,,,,,
Bewerber | Anlagenmechaniker Augsburg | Okt 26,,,,,,,,,,,,,,berichtsheft,Campaign Negative Phrase,,,,,,,,,,,,,,,,,,,,,,,,
Bewerber | Anlagenmechaniker Augsburg | Okt 26,,,,,,,,,,,,,,minijob,Campaign Negative Phrase,,,,,,,,,,,,,,,,,,,,,,,,
Bewerber | Anlagenmechaniker Augsburg | Okt 26,,,,,,,,,,,,,,nebenjob,Campaign Negative Phrase,,,,,,,,,,,,,,,,,,,,,,,,
Bewerber | Anlagenmechaniker Augsburg | Okt 26,,,,,,,,,,,,,,schülerjob,Campaign Negative Phrase,,,,,,,,,,,,,,,,,,,,,,,,
Bewerber | Anlagenmechaniker Augsburg | Okt 26,,,,,,,,,,,,,,werkstudent,Campaign Negative Phrase,,,,,,,,,,,,,,,,,,,,,,,,
Bewerber | Anlagenmechaniker Augsburg | Okt 26,,,,,,,,,,,,,,teilzeit,Campaign Negative Phrase,,,,,,,,,,,,,,,,,,,,,,,,
Bewerber | Anlagenmechaniker Augsburg | Okt 26,,,,,,,,,,,,,,gehaltstabelle,Campaign Negative Phrase,,,,,,,,,,,,,,,,,,,,,,,,
Bewerber | Anlagenmechaniker Augsburg | Okt 26,,,,,,,,,,,,,,was macht,Campaign Negative Phrase,,,,,,,,,,,,,,,,,,,,,,,,
Bewerber | Anlagenmechaniker Augsburg | Okt 26,,,,,,,,,,,,,,definition,Campaign Negative Phrase,,,,,,,,,,,,,,,,,,,,,,,,
Bewerber | Anlagenmechaniker Augsburg | Okt 26,,,,,,,,,,,,,,voraussetzungen,Campaign Negative Phrase,,,,,,,,,,,,,,,,,,,,,,,,
Bewerber | Anlagenmechaniker Augsburg | Okt 26,,,,,,,,,,,,,,reparatur,Campaign Negative Phrase,,,,,,,,,,,,,,,,,,,,,,,,
Bewerber | Anlagenmechaniker Augsburg | Okt 26,,,,,,,,,,,,,,notdienst,Campaign Negative Phrase,,,,,,,,,,,,,,,,,,,,,,,,
Bewerber | Anlagenmechaniker Augsburg | Okt 26,,,,,,,,,,,,,,kosten,Campaign Negative Phrase,,,,,,,,,,,,,,,,,,,,,,,,
Bewerber | Anlagenmechaniker Augsburg | Okt 26,,,,,,,,,,,,,,preis,Campaign Negative Phrase,,,,,,,,,,,,,,,,,,,,,,,,
Bewerber | Anlagenmechaniker Augsburg | Okt 26,,,,,,,,,,,,,,kaufen,Campaign Negative Phrase,,,,,,,,,,,,,,,,,,,,,,,,
Bewerber | Anlagenmechaniker Augsburg | Okt 26,,,,,,,,,,,,,,angebot anfordern,Campaign Negative Phrase,,,,,,,,,,,,,,,,,,,,,,,,
Bewerber | Anlagenmechaniker Augsburg | Okt 26,,,,,,,,,,,,,,wartung vertrag,Campaign Negative Phrase,,,,,,,,,,,,,,,,,,,,,,,,
Bewerber | Anlagenmechaniker Augsburg | Okt 26,,,,,,,,,,,,,,klimaanlage einbauen,Campaign Negative Phrase,,,,,,,,,,,,,,,,,,,,,,,,
Bewerber | Anlagenmechaniker Augsburg | Okt 26,,,,,,,,,,,,,,schweiz,Campaign Negative Phrase,,,,,,,,,,,,,,,,,,,,,,,,
Bewerber | Anlagenmechaniker Augsburg | Okt 26,,,,,,,,,,,,,,österreich,Campaign Negative Phrase,,,,,,,,,,,,,,,,,,,,,,,,
Bewerber | Anlagenmechaniker Augsburg | Okt 26,,,,,,,,,,,,,,heizung reparatur,Campaign Negative Phrase,,,,,,,,,,,,,,,,,,,,,,,,
Bewerber | Anlagenmechaniker Augsburg | Okt 26,,,,,,,,,,,,,,heizungsnotdienst,Campaign Negative Phrase,,,,,,,,,,,,,,,,,,,,,,,,
Bewerber | Anlagenmechaniker Augsburg | Okt 26,,,,,,,,,,,,,,sanitär notdienst,Campaign Negative Phrase,,,,,,,,,,,,,,,,,,,,,,,,
Bewerber | Anlagenmechaniker Augsburg | Okt 26,,,,,,,,,,,,,,badsanierung,Campaign Negative Phrase,,,,,,,,,,,,,,,,,,,,,,,,
Bewerber | Anlagenmechaniker Augsburg | Okt 26,,,,,,,,,,,Anlagenmechaniker – Augsburg,Enabled,2.50,,,,,,,,,,,,,,,,,,,,,,,,,,
Bewerber | Anlagenmechaniker Augsburg | Okt 26,,,,,,,,,,,Anlagenmechaniker – Augsburg,,,anlagenmechaniker shk job,Phrase,Enabled,,,,,,,,,,,,,,,,,,,,,,,
Bewerber | Anlagenmechaniker Augsburg | Okt 26,,,,,,,,,,,Anlagenmechaniker – Augsburg,,,anlagenmechaniker stellenangebote,Phrase,Enabled,,,,,,,,,,,,,,,,,,,,,,,
Bewerber | Anlagenmechaniker Augsburg | Okt 26,,,,,,,,,,,Anlagenmechaniker – Augsburg,,,anlagenmechaniker gesucht,Phrase,Enabled,,,,,,,,,,,,,,,,,,,,,,,
Bewerber | Anlagenmechaniker Augsburg | Okt 26,,,,,,,,,,,Anlagenmechaniker – Augsburg,,,shk monteur job,Phrase,Enabled,,,,,,,,,,,,,,,,,,,,,,,
Bewerber | Anlagenmechaniker Augsburg | Okt 26,,,,,,,,,,,Anlagenmechaniker – Augsburg,,,anlagenmechaniker heizung job,Phrase,Enabled,,,,,,,,,,,,,,,,,,,,,,,
Bewerber | Anlagenmechaniker Augsburg | Okt 26,,,,,,,,,,,Anlagenmechaniker – Augsburg,,,anlagenmechaniker job augsburg,Phrase,Enabled,,,,,,,,,,,,,,,,,,,,,,,
Bewerber | Anlagenmechaniker Augsburg | Okt 26,,,,,,,,,,,Anlagenmechaniker – Augsburg,,,anlagenmechaniker jobs augsburg,Exact,Enabled,,,,,,,,,,,,,,,,,,,,,,,
Bewerber | Anlagenmechaniker Augsburg | Okt 26,,,,,,,,,,,Anlagenmechaniker – Augsburg,,,,,Enabled,Responsive search ad,https://www.phe-perm.de/jobs/anlagenmechaniker-shk-augsburg-33,shk-jobs,augsburg,Anlagenmechaniker Job Augsburg,Anlagenmechaniker SHK (m/w/d),SHK-Job im Raum Augsburg,Bis 55.000 € Jahresgehalt,48.000–55.000 € pro Jahr,Firmenwagen mit Tankkarte,Keine Übernachtungen,Unbefristeter Vertrag,Gründliche Einarbeitung,Gebäudetechnik Augsburg,"Feste Stelle, keine Zeitarbeit",Kostenlos für Bewerber,Antwort in 24 Stunden,Bewerbung ohne Anschreiben,30 Tage Urlaub,"Anlagenmechaniker SHK (m/w/d) im Raum Augsburg: 48–55 T€, Firmenwagen mit Tankkarte.","Geschäftskunden im Tagespendelbereich, keine Übernachtungen. Unbefristeter Vertrag.","Kurz bewerben, ohne Anschreiben. Wir melden uns innerhalb von 24 Stunden bei Ihnen.","Feste Anstellung, keine Zeitarbeit. Die Vermittlung ist für Sie komplett kostenlos."
Bewerber | Anlagenmechaniker Berlin | Okt 26,Search,Paused,4.35,Daily,Maximize clicks,Google search,de,2026-10-01,2026-10-31,,,,,,,,,,,,,,,,,,,,,,,,,,,,,,
Bewerber | Anlagenmechaniker Berlin | Okt 26,,,,,,,,,,"Berlin, Berlin, Germany",,,,,,,,,,,,,,,,,,,,,,,,,,,,,
Bewerber | Anlagenmechaniker Berlin | Okt 26,,,,,,,,,,,,,,ausbildung,Campaign Negative Phrase,,,,,,,,,,,,,,,,,,,,,,,,
Bewerber | Anlagenmechaniker Berlin | Okt 26,,,,,,,,,,,,,,azubi,Campaign Negative Phrase,,,,,,,,,,,,,,,,,,,,,,,,
Bewerber | Anlagenmechaniker Berlin | Okt 26,,,,,,,,,,,,,,lehrstelle,Campaign Negative Phrase,,,,,,,,,,,,,,,,,,,,,,,,
Bewerber | Anlagenmechaniker Berlin | Okt 26,,,,,,,,,,,,,,lehre,Campaign Negative Phrase,,,,,,,,,,,,,,,,,,,,,,,,
Bewerber | Anlagenmechaniker Berlin | Okt 26,,,,,,,,,,,,,,praktikum,Campaign Negative Phrase,,,,,,,,,,,,,,,,,,,,,,,,
Bewerber | Anlagenmechaniker Berlin | Okt 26,,,,,,,,,,,,,,praktikant,Campaign Negative Phrase,,,,,,,,,,,,,,,,,,,,,,,,
Bewerber | Anlagenmechaniker Berlin | Okt 26,,,,,,,,,,,,,,duales studium,Campaign Negative Phrase,,,,,,,,,,,,,,,,,,,,,,,,
Bewerber | Anlagenmechaniker Berlin | Okt 26,,,,,,,,,,,,,,studium,Campaign Negative Phrase,,,,,,,,,,,,,,,,,,,,,,,,
Bewerber | Anlagenmechaniker Berlin | Okt 26,,,,,,,,,,,,,,umschulung,Campaign Negative Phrase,,,,,,,,,,,,,,,,,,,,,,,,
Bewerber | Anlagenmechaniker Berlin | Okt 26,,,,,,,,,,,,,,weiterbildung,Campaign Negative Phrase,,,,,,,,,,,,,,,,,,,,,,,,
Bewerber | Anlagenmechaniker Berlin | Okt 26,,,,,,,,,,,,,,meisterschule,Campaign Negative Phrase,,,,,,,,,,,,,,,,,,,,,,,,
Bewerber | Anlagenmechaniker Berlin | Okt 26,,,,,,,,,,,,,,meister kurs,Campaign Negative Phrase,,,,,,,,,,,,,,,,,,,,,,,,
Bewerber | Anlagenmechaniker Berlin | Okt 26,,,,,,,,,,,,,,kurs,Campaign Negative Phrase,,,,,,,,,,,,,,,,,,,,,,,,
Bewerber | Anlagenmechaniker Berlin | Okt 26,,,,,,,,,,,,,,prüfung,Campaign Negative Phrase,,,,,,,,,,,,,,,,,,,,,,,,
Bewerber | Anlagenmechaniker Berlin | Okt 26,,,,,,,,,,,,,,berichtsheft,Campaign Negative Phrase,,,,,,,,,,,,,,,,,,,,,,,,
Bewerber | Anlagenmechaniker Berlin | Okt 26,,,,,,,,,,,,,,minijob,Campaign Negative Phrase,,,,,,,,,,,,,,,,,,,,,,,,
Bewerber | Anlagenmechaniker Berlin | Okt 26,,,,,,,,,,,,,,nebenjob,Campaign Negative Phrase,,,,,,,,,,,,,,,,,,,,,,,,
Bewerber | Anlagenmechaniker Berlin | Okt 26,,,,,,,,,,,,,,schülerjob,Campaign Negative Phrase,,,,,,,,,,,,,,,,,,,,,,,,
Bewerber | Anlagenmechaniker Berlin | Okt 26,,,,,,,,,,,,,,werkstudent,Campaign Negative Phrase,,,,,,,,,,,,,,,,,,,,,,,,
Bewerber | Anlagenmechaniker Berlin | Okt 26,,,,,,,,,,,,,,teilzeit,Campaign Negative Phrase,,,,,,,,,,,,,,,,,,,,,,,,
Bewerber | Anlagenmechaniker Berlin | Okt 26,,,,,,,,,,,,,,gehaltstabelle,Campaign Negative Phrase,,,,,,,,,,,,,,,,,,,,,,,,
Bewerber | Anlagenmechaniker Berlin | Okt 26,,,,,,,,,,,,,,was macht,Campaign Negative Phrase,,,,,,,,,,,,,,,,,,,,,,,,
Bewerber | Anlagenmechaniker Berlin | Okt 26,,,,,,,,,,,,,,definition,Campaign Negative Phrase,,,,,,,,,,,,,,,,,,,,,,,,
Bewerber | Anlagenmechaniker Berlin | Okt 26,,,,,,,,,,,,,,voraussetzungen,Campaign Negative Phrase,,,,,,,,,,,,,,,,,,,,,,,,
Bewerber | Anlagenmechaniker Berlin | Okt 26,,,,,,,,,,,,,,reparatur,Campaign Negative Phrase,,,,,,,,,,,,,,,,,,,,,,,,
Bewerber | Anlagenmechaniker Berlin | Okt 26,,,,,,,,,,,,,,notdienst,Campaign Negative Phrase,,,,,,,,,,,,,,,,,,,,,,,,
Bewerber | Anlagenmechaniker Berlin | Okt 26,,,,,,,,,,,,,,kosten,Campaign Negative Phrase,,,,,,,,,,,,,,,,,,,,,,,,
Bewerber | Anlagenmechaniker Berlin | Okt 26,,,,,,,,,,,,,,preis,Campaign Negative Phrase,,,,,,,,,,,,,,,,,,,,,,,,
Bewerber | Anlagenmechaniker Berlin | Okt 26,,,,,,,,,,,,,,kaufen,Campaign Negative Phrase,,,,,,,,,,,,,,,,,,,,,,,,
Bewerber | Anlagenmechaniker Berlin | Okt 26,,,,,,,,,,,,,,angebot anfordern,Campaign Negative Phrase,,,,,,,,,,,,,,,,,,,,,,,,
Bewerber | Anlagenmechaniker Berlin | Okt 26,,,,,,,,,,,,,,wartung vertrag,Campaign Negative Phrase,,,,,,,,,,,,,,,,,,,,,,,,
Bewerber | Anlagenmechaniker Berlin | Okt 26,,,,,,,,,,,,,,klimaanlage einbauen,Campaign Negative Phrase,,,,,,,,,,,,,,,,,,,,,,,,
Bewerber | Anlagenmechaniker Berlin | Okt 26,,,,,,,,,,,,,,schweiz,Campaign Negative Phrase,,,,,,,,,,,,,,,,,,,,,,,,
Bewerber | Anlagenmechaniker Berlin | Okt 26,,,,,,,,,,,,,,österreich,Campaign Negative Phrase,,,,,,,,,,,,,,,,,,,,,,,,
Bewerber | Anlagenmechaniker Berlin | Okt 26,,,,,,,,,,,,,,heizung reparatur,Campaign Negative Phrase,,,,,,,,,,,,,,,,,,,,,,,,
Bewerber | Anlagenmechaniker Berlin | Okt 26,,,,,,,,,,,,,,heizungsnotdienst,Campaign Negative Phrase,,,,,,,,,,,,,,,,,,,,,,,,
Bewerber | Anlagenmechaniker Berlin | Okt 26,,,,,,,,,,,,,,sanitär notdienst,Campaign Negative Phrase,,,,,,,,,,,,,,,,,,,,,,,,
Bewerber | Anlagenmechaniker Berlin | Okt 26,,,,,,,,,,,,,,badsanierung,Campaign Negative Phrase,,,,,,,,,,,,,,,,,,,,,,,,
Bewerber | Anlagenmechaniker Berlin | Okt 26,,,,,,,,,,,Anlagenmechaniker – Berlin,Enabled,2.50,,,,,,,,,,,,,,,,,,,,,,,,,,
Bewerber | Anlagenmechaniker Berlin | Okt 26,,,,,,,,,,,Anlagenmechaniker – Berlin,,,anlagenmechaniker shk job,Phrase,Enabled,,,,,,,,,,,,,,,,,,,,,,,
Bewerber | Anlagenmechaniker Berlin | Okt 26,,,,,,,,,,,Anlagenmechaniker – Berlin,,,anlagenmechaniker stellenangebote,Phrase,Enabled,,,,,,,,,,,,,,,,,,,,,,,
Bewerber | Anlagenmechaniker Berlin | Okt 26,,,,,,,,,,,Anlagenmechaniker – Berlin,,,anlagenmechaniker gesucht,Phrase,Enabled,,,,,,,,,,,,,,,,,,,,,,,
Bewerber | Anlagenmechaniker Berlin | Okt 26,,,,,,,,,,,Anlagenmechaniker – Berlin,,,shk monteur job,Phrase,Enabled,,,,,,,,,,,,,,,,,,,,,,,
Bewerber | Anlagenmechaniker Berlin | Okt 26,,,,,,,,,,,Anlagenmechaniker – Berlin,,,anlagenmechaniker heizung job,Phrase,Enabled,,,,,,,,,,,,,,,,,,,,,,,
Bewerber | Anlagenmechaniker Berlin | Okt 26,,,,,,,,,,,Anlagenmechaniker – Berlin,,,anlagenmechaniker job berlin,Phrase,Enabled,,,,,,,,,,,,,,,,,,,,,,,
Bewerber | Anlagenmechaniker Berlin | Okt 26,,,,,,,,,,,Anlagenmechaniker – Berlin,,,anlagenmechaniker jobs berlin,Exact,Enabled,,,,,,,,,,,,,,,,,,,,,,,
Bewerber | Anlagenmechaniker Berlin | Okt 26,,,,,,,,,,,Anlagenmechaniker – Berlin,,,shk job berlin,Phrase,Enabled,,,,,,,,,,,,,,,,,,,,,,,
Bewerber | Anlagenmechaniker Berlin | Okt 26,,,,,,,,,,,Anlagenmechaniker – Berlin,,,,,Enabled,Responsive search ad,https://www.phe-perm.de/jobs/anlagenmechaniker-shk-berlin-46,shk-jobs,berlin,Anlagenmechaniker Job Berlin,Anlagenmechaniker SHK (m/w/d),SHK-Job im Raum Berlin,Bis 55.000 € Jahresgehalt,Nur Tagesreisen,Abends wieder zu Hause,Firmenwagen mit Tankkarte,Firmenwagen auch privat,Unbefristeter Vertrag,Heizung & Sanitär Berlin,"Feste Stelle, keine Zeitarbeit",Kostenlos für Bewerber,Antwort in 24 Stunden,Bewerbung ohne Anschreiben,30 Tage Urlaub,"Anlagenmechaniker SHK (m/w/d) im Raum Berlin: bis 55.000 € im Jahr, nur Tagesreisen.","Firmenwagen mit Tankkarte, auch privat nutzbar. Abends sind Sie wieder zu Hause.","Kurz bewerben, ohne Anschreiben. Wir melden uns innerhalb von 24 Stunden bei Ihnen.","Feste Anstellung, keine Zeitarbeit. Die Vermittlung ist für Sie komplett kostenlos."
